time,x,y,z,l_{d}-l,beta,alpha,tau_{u},tau_{q},tau_{r}
0,-3,13,-1,1,0,0,0,0,0
0.1,-3,13,-1,4.4309518948453,-0.785398163397448,-0.755969410423908,0,0,0
0.2,-3,13,-1,4.5270431668705,-0.761200886169417,-0.746523211730612,100,35.2162516305958,-12.0396555564834
0.3,-2.99,13.0000002126493,-0.999999787508854,4.626543058621,-0.73856789203096,-0.736942718668784,100,64.2421027908356,-22.8226164032563
0.4,-2.96999992590314,12.9999772633448,-1.00001213944837,4.72364478648274,-0.714122753296921,-0.725835777624622,100,87.1936042363418,-31.3038888679718
0.5,-2.94000004929198,12.9998250711687,-1.00014365909034,4.81774752556826,-0.687857902746194,-0.713082261413948,100,100,-37.7338854116127
0.6,-2.90000272031139,12.9993757508483,-1.00056272847011,4.90822914119236,-0.659799630339101,-0.698537911114702,100,100,-42.343927523326
0.7,-2.85001519187842,12.9983982258858,-1.00150086620482,4.9944741748803,-0.630009546678753,-0.682040812354196,100,100,-45.3297645140501
0.8,-2.79005366174003,12.996596857192,-1.00325403503462,5.07586837839575,-0.598580374324345,-0.663415999531719,100,100,-46.8763473884735
0.9,-2.72014866746852,12.9936100580377,-1.00618390432113,5.1517939309486,-0.565629676600005,-0.64248046644696,100,100,-47.1624130079835
1,-2.64035198878724,12.9890088819477,-1.01071906680742,5.22162543430217,-0.531291516952246,-0.619048435021359,100,100,-46.3567285724234
1.1,-2.55074524177682,12.9822956053336,-1.01735619895549,5.28472679513533,-0.495706165727739,-0.592936711785327,100,100,-44.6076384991771
1.2,-2.45147711602817,12.9728161098993,-1.02677043067591,5.34044914312929,-0.459008085976712,-0.563969977409687,100,100,-41.9963660257281
1.3,-2.34280808158747,12.9597232794383,-1.03982526858588,5.38803806134298,-0.421298952922945,-0.531975120533275,100,100,-40.5950163891472
1.4,-2.22501233541281,12.9424504422787,-1.05711058011364,5.42663382059803,-0.385922697686387,-0.499787547205785,100,95.0627051270817,-38.7730645050949
1.5,-2.09841630177588,12.920447073678,-1.07921097420525,5.45571199732059,-0.352534710732466,-0.467451489347513,100,88.2764535845252,-36.3578337399515
1.6,-1.96339778137423,12.893181998807,-1.10670473510832,5.4748086589814,-0.320823762833275,-0.434992519495459,100,81.3417007972369,-33.0688919155584
1.7,-1.82038493447395,12.8601465835316,-1.14016276363987,5.48351708638018,-0.290506489984854,-0.402421394021989,100,74.3028407815655,-28.6657793409019
1.8,-1.6698550959239,12.820857911428,-1.18014752737527,5.48148529852932,-0.261322047900801,-0.369737066576469,100,67.1397959003108,-23.2174569383973
1.9,-1.51233341937239,12.7748619454559,-1.22721202118563,5.46841439568214,-0.233027008765415,-0.33692905023264,100,59.3679406632894,-16.9967714226874
2,-1.34839134745491,12.7217366727086,-1.28189873953887,5.44405774835583,-0.205390485473148,-0.303979280460631,100,48.9929016866235,-9.9533496133624
2.1,-1.17864490409699,12.6610952306384,-1.34473866196637,5.40822107915281,-0.178189414801069,-0.27086360929857,100,35.0930329144343,-2.05807613652702
2.2,-1.00375280437499,12.592589013132,-1.41625025308195,5.360763509865,-0.15120389603856,-0.237553045749486,100,18.3090919104802,5.71223807877465
2.3,-0.824414376586831,12.5159107547653,-1.49693847852278,5.30159967951045,-0.124212455854672,-0.204014849588468,100,-5.20933827533307,11.759916677401
2.4,-0.641328247064617,12.4308816095292,-1.58729383816378,5.23070308103112,-0.097353649779691,-0.170234737847964,100,-21.6486799225784,14.0954963275982
2.5,-0.454821092880288,12.3378522833763,-1.68750044452709,5.14812540385434,-0.072769636901077,-0.137662839214241,100,-28.5615064390382,15.9162514028358
2.6,-0.262671653377254,12.2356635620058,-1.79184102548662,5.05413213588881,-0.050563708194597,-0.133355067580159,100,-19.8662269040624,17.5069285412812
2.7,-0.064892289348236,12.1245705679004,-1.90031558104236,4.95024587140566,-0.030483452298571,-0.129676951775497,100,-9.20155759587213,19.5302990521809
2.8,0.138321745601347,12.0044995133872,-2.01292411119431,4.83655377951722,-0.011794812081023,-0.126526515924169,100,-19.6277158045409,21.783887049559
2.9,0.346775460452967,11.875365871387,-2.12966661594248,4.71310989070023,0.005900297701582,-0.123846998527465,-100,-9.00581019219378,23.9656704679088
3,0.546583046384381,11.7476992548495,-2.24054309528687,4.57996849659143,0.022634668344614,-0.121599184517958,63.9846444416381,-20.1719731885559,25.934958297829
3.1,0.741572174335081,11.6189330797104,-2.34826874455988,4.45704257915986,0.038282921968875,-0.119339417804025,100,-13.5989858790082,26.5604595532578
3.2,0.938118691521601,11.4844727461579,-2.45744989853473,4.33900738281701,0.051534755271795,-0.117097814475381,-100,-23.0654902068041,26.7684501901439
3.3,1.12664938365978,11.3528215497997,-2.5607650271058,4.21679341493264,0.062394835600215,-0.114993706019512,100,-16.3265222756613,26.5502885382739
3.4,1.31764877240254,11.2158915823875,-2.66590688257973,4.10496947743937,0.070806683391383,-0.112679869668079,-100,-24.6836063049409,25.7355328906898
3.5,1.50139308552705,11.0829422684899,-2.76518271264988,3.98830146861766,0.076676132374868,-0.110419903660908,100,-19.2424368173652,24.3838156133987
3.6,1.68825477394337,10.9461178946929,-2.86612656966394,3.88201604709766,0.079927340586976,-0.107884588617704,-100,-25.0043816355712,22.1153931127543
3.7,1.86874162183096,10.8144858523438,-2.96120440127421,3.77113443840598,0.080330315735467,-0.10535296255509,100,-22.9937262124502,19.5310420336728
3.8,2.05357909619821,10.6797155214548,-3.05841179174884,3.67052665490078,0.078330450170229,-0.102563481809869,-100,-24.2263573987526,17.2965707410102
3.9,2.23243197531168,10.5507567243091,-3.14983912743333,3.56447307897827,0.07492912226046,-0.099866726592097,94.2737360719181,-26.8151037760687,15.8454535401211
4,2.41489676386908,10.4196326348592,-3.24281056607241,3.4685659954851,0.071065929924965,-0.097024308809181,-96.9408103528515,-23.3632562510356,14.042253380242
4.1,2.59113468871369,10.2942698505452,-3.33028612961178,3.3683980967141,0.066669485851873,-0.094304218423809,100,-29.763932794188,12.6666657881577
4.2,2.77222916019168,10.165611430374,-3.42038498215229,3.27826713326291,0.062183202526297,-0.091414275121802,-100,-23.560978811655,11.0659475645207
4.3,2.9467928393968,10.0424750629261,-3.50517806897772,3.18181474637862,0.057514750797483,-0.088697213790166,88.3821379073542,-31.2137844027355,9.84326327462787
4.4,3.12423560676471,9.91725228048295,-3.59140275407436,3.09532462290421,0.052965448193671,-0.085787210975099,-84.1509466790186,-25.4342105747068,8.2759323034247
4.5,3.2948372830305,9.7972277905505,-3.67244449472087,3.00503415141216,0.048327517039724,-0.082987336729193,100,-30.0896318966507,7.03026624130736
4.6,3.47072220880742,9.67316313718529,-3.7570278187295,2.92465921263626,0.043820167075794,-0.07997446213949,-100,-24.3192748621725,5.59696469126625
4.7,3.63962842429946,9.55427233354119,-3.83662419139815,2.83670490462022,0.039312847844599,-0.077082175958189,81.0277572637189,-31.5043549224925,4.70183414112907
4.8,3.81064151094902,9.4336361046549,-3.91757436755523,2.7586158558915,0.035101763864816,-0.073933216554682,-67.7483931503642,-26.2425982712657,3.59396720522409
4.9,3.97453983354354,9.31805448334602,-3.99362823468602,2.67739379892331,0.03100308838209,-0.070805484887558,100,-29.1820601455448,2.92738843157405
5,4.14433183588031,9.19769682257813,-4.07420241243462,2.60602438917551,0.027235077354976,-0.067398043573258,-99.7838070847415,-24.0837651447375,4.47925320277982
5.1,4.30672833582201,9.08218269521365,-4.15008259625304,2.5257376868795,0.02488339575083,-0.06403543622892,74.7243895773599,-30.6515648235181,3.3073380500917
5.2,4.47050163738026,8.96487209033547,-4.22738822112291,2.45529815543898,0.022310777338015,-0.060313638966683,-52.7053459779242,-25.9672563734976,3.34717541493617
5.3,4.62677867673387,8.85233451895516,-4.30007452253361,2.382171526921,0.020176104823316,-0.056488319192342,100,-27.5601250240191,3.07693583623601
5.4,4.78915342359076,8.73403556439411,-4.3781351147248,2.3189181611848,0.018263245411849,-0.052285224102181,-96.4319787312998,-23.3389292992797,3.04020592137069
5.5,4.94385815623427,8.62047501605043,-4.45178564477623,2.24569529235911,0.016629420117123,-0.047960206297641,71.8231810948948,-28.8384110537998,3.19449005394299
5.6,5.09967923180672,8.50462267079215,-4.52733882912389,2.18237465333201,0.015381091776462,-0.043175731129426,-49.7281802241998,-24.8480025762974,3.14737069562459
5.7,5.24773658759749,8.39346288828806,-4.59856307008588,2.11610355494502,0.014313929963583,-0.038126023942895,100,-25.561635211856,3.3922909398374
5.8,5.40135968731508,8.27600130979368,-4.67553119401373,2.05978729925665,0.013607092864279,-0.032586929124641,-89.5094966699407,-21.9692256873612,3.4750245062648
5.9,5.54708562953942,8.16325232582058,-4.74836534334536,1.99346526989135,0.013059679793462,-0.026709751144604,76.0272087292832,-26.4885332938099,3.98688056752279
6,5.69460328342373,8.04687172098607,-4.8243667908016,1.93715758741901,0.012972638103461,-0.02025649659474,-63.7491163164001,-23.3831112661191,4.06982567065261
6.1,5.83420785613626,7.93519852245876,-4.89623426366162,1.87618136966994,0.012968263662585,-0.013332230989072,93.8933167169712,-23.1249681768111,4.572842092055
6.2,5.97820619121647,7.81712606867615,-4.97354226107618,1.82529872154309,0.013358661096792,-0.005831242789941,-62.3968131659219,-12.4193546229907,6.77112574315973
6.3,6.11429070868296,7.7037867987922,-5.04671628389452,1.76540206220918,0.013788678614339,0.002221171270532,66.894643612701,-19.841652071263,5.48458305450328
6.4,6.25104305379967,7.58725257479988,-5.1225165187642,1.71568458249636,0.013143257676514,0.010870908196162,-3.20746840640683,-19.9769768905524,5.51801676634924
6.5,6.37999922969181,7.47563171190795,-5.19418277903766,1.66268562798342,0.012647440521589,0.020144224330428,88.7169866022803,-20.0295979168709,5.83518493124441
6.6,6.51266113872726,7.35739311171907,-5.27098349042485,1.61997275945674,0.012580504191877,0.029332671860784,-15.0099822052355,-18.7872062222679,5.87659958329479
6.7,6.63774188616873,7.24395619573077,-5.34304377155023,1.56884775489047,0.012563180167787,0.036214471599456,85.1512244962546,-17.8236894955966,6.36057482042679
6.8,6.7661985697741,7.12365414867805,-5.41907133790685,1.5281479327165,0.013066061288513,0.041310170766304,-8.21662322803261,-16.105900050371,6.41306167944734
6.9,6.8873059202186,7.00804684211345,-5.48970688419246,1.47966448854959,0.013535200405429,0.04447403207044,85.6606098521391,-15.7926790058339,6.90398825046993
7,7.01181347554418,6.88493391203856,-5.56382596523168,1.44168215877281,0.014470772284624,0.046933554271473,-1.97861072550384,-14.2299243026098,6.9663298901614
7.1,7.1290836819274,6.7665800737973,-5.63233557105084,1.39567150426356,0.015306430042174,0.048061648253186,85.651535097453,-13.8878932272211,7.46757049719627
7.2,7.24957745177763,6.64027764382508,-5.70392720051942,1.36016696676748,0.016576723957879,0.048807738244656,4.83410172127444,-12.4202793390647,7.53100132752541
7.3,7.36343358622284,6.51822053745601,-5.7703302670838,1.31653886470432,0.017688489931429,0.048626564054974,81.3078700184671,-12.0747635072918,8.02559724769588
7.4,7.47971972104058,6.38856295523773,-5.83907118035815,1.28243188434214,0.019194100218255,0.048289836011114,11.6278746922494,-10.7284549604869,8.11185089491497
7.5,7.59018215213058,6.26228517129865,-5.90335664249534,1.2411089487941,0.020525443623184,0.047323023465687,74.6899304469146,-10.3125927086407,8.56541805999541
7.6,7.70200447055457,6.12925667503758,-5.96912617396693,1.207807038994,0.022177363494632,0.046305072305322,18.0091037744756,-9.09918021479059,8.67807469832499
7.7,7.80871147855318,5.99878058229446,-6.03115191878577,1.16872017401859,0.023661393138471,0.044874877381873,68.6033412801446,-8.57410602548672,9.06879101474875
7.8,7.91581422761041,5.86244271438049,-6.09397189779208,1.13624459230637,0.02537499804256,0.043426034899184,23.3528113789732,-7.49007933297048,9.19289654612194
7.9,8.01835842401821,5.72796022158967,-6.15366063921277,1.09929629313352,0.026925192383839,0.041724363687521,63.4275498716591,-6.86396826661058,9.51702234538735
8,8.12049703221105,5.58845032683915,-6.21363064934953,1.06776719521557,0.028618553613716,0.040010218081719,27.8327871744191,-5.89493903317998,9.63683974478832
8.1,8.21851927826483,5.45020499223834,-6.2709924763021,1.03286806106516,0.030148064591361,0.038155804173277,58.9092370518604,-5.18610036068553,9.89524139383441
8.2,8.31547304398093,5.30772760355525,-6.32825394903272,1.00237353712923,0.031744827313171,0.036283340336231,35.9874233458954,-10.3925162872701,8.74819527253423
8.3,8.40906703356707,5.16523788233907,-6.38366387126952,0.969455819022303,0.033175050863239,0.034347219180286,57.4398145550663,-0.467894278021242,9.99607756416174
8.4,8.5012503649553,5.01866314633711,-6.43827773469662,0.93914884078174,0.035560040116528,0.029160913711682,16.8671329090165,-5.34832109100034,10.2996498219492
8.5,8.58830272908782,4.87569274709112,-6.48981274273188,0.906752190856206,0.037791175338625,0.026564441444513,76.2053329158542,1.13615437781309,10.5190997486381
8.6,8.67539779193815,4.72512886609775,-6.54203718569703,0.881013898944751,0.039875532706843,0.022024622080923,-4.27952291857176,-3.80534239913351,10.5845326064467
8.7,8.7561406058181,4.58159991717081,-6.5905145157627,0.848960564796168,0.041586565570669,0.020051790540345,87.3297429336596,2.49571724144186,10.7574587177358
8.8,8.83758923758166,4.42825375739328,-6.6404681992313,0.827074530376769,0.043214163141046,0.016008441368825,-5.30183118148516,-1.99687680528511,10.688411562699
8.9,8.91296734923548,4.28225046308476,-6.6868667918057,0.796290126770601,0.044390651943804,0.014343094089363,85.2130856751273,3.73354256174448,10.8338714512341
9,8.98860924713742,4.12678563582053,-6.73456194416788,0.775642297006607,0.045545713759383,0.010683381835294,0.991919805816145,-0.310684751215059,10.72146240483
9.1,9.05856002300105,3.97870333493161,-6.77901336460339,0.746471366238375,0.046288959865188,0.009217965251797,83.7923402363115,4.65678437479926,10.7803381429345
9.2,9.128432999222,3.82136583130634,-6.82453728253519,0.727125338967666,0.046997604351595,0.005935194110964,6.38310940184114,1.51068927230148,10.6359580231577
9.3,9.19325933002932,3.6705302988373,-6.86725505974063,0.699468369312796,0.047343661975162,0.004474466612372,77.6153987719732,5.21774888017434,10.6543425339357
9.4,9.25739347698119,3.51166628596956,-6.91062204254633,0.680388269794692,0.047677082494379,0.001636487080881,12.5320275345075,3.15279457410122,10.5029550927587
9.5,9.31709330000809,3.35821248366211,-6.95161267026335,0.654275564181713,0.04771944178432,0.000129305191991,71.0277017912022,5.61265437494774,10.4762399692273
9.6,9.37554400379866,3.19808379388799,-6.99288000943894,0.635326054806147,0.047751433539804,-0.002269355757296,17.9919328811556,4.47719131938225,10.3257252393531
9.7,9.430053981464,3.04236269470047,-7.0321329831513,0.610712707830246,0.047560850303876,-0.003796830917124,65.1457242253797,5.96563472310781,10.2664205684748
9.8,9.48287409843502,2.88120159932993,-7.07138264382639,0.591995133183516,0.047364790030803,-0.005814543145109,22.6066178990095,5.4414291447929,10.1220718152574
9.9,9.53213342147942,2.72358054467315,-7.1089197100377,0.568823891977395,0.047006325820741,-0.00729489337684,60.0025164690699,6.29821742855571,10.0451094591148
10,9.57936381797983,2.56161789628448,-7.1462522093928,0.550462300733995,0.046652349145136,-0.008999561287816,26.6734188773379,6.08946336066856,9.91112174720343
10.1,9.62332562812684,2.4024126163085,-7.18213513421055,0.528692200124472,0.046186574985168,-0.01036667799295,55.3407475032286,6.57495361087783,9.82922489046463
10.2,9.66499715701518,2.23987646989886,-7.21766908533524,0.51076415979133,0.045737476132708,-0.011807086891895,30.3713398364154,6.49336706962779,9.70895993008995
10.3,9.70362012971593,2.07937062708358,-7.25198898932432,0.490366560664278,0.045218170630033,-0.013016846518622,51.0663472422118,6.75942179023344,9.63054087258129
10.4,9.73975783016374,1.91647354416055,-7.2858600243733,0.472924196353892,0.044726128569295,-0.014219723882445,33.6706248122274,6.71201245289218,9.52609936554243
10.5,9.77300184460701,1.75494829384436,-7.31872692785335,0.453867287377674,0.044197155867601,-0.015249217384352,47.3034292154517,6.83678388165608,9.45557748330566
10.6,9.80362818154031,1.59187066376684,-7.35108544445249,0.436966518730818,0.043702257753242,-0.016228939026531,36.3914772305439,6.78419447629891,9.36781951808365
10.7,9.83145680022816,1.4296196092739,-7.38262119120405,0.419196121507249,0.043196111583073,-0.017069123454728,44.2973133969339,6.81013061303798,9.30671578357455
10.8,9.8565923181267,1.26649847347545,-7.41362870151094,0.402910067262391,0.042726736639539,-0.01783678724293,38.3330517641729,6.73678963237785,9.23541506450678
10.9,9.87897878285278,1.10382106125144,-7.44396304258089,0.386336328590409,0.042264803249249,-0.018487348386758,42.2168263871529,6.69138737641033,9.18359990746257
11,9.89864062117486,0.940760181712051,-7.47378590653939,0.370747095118485,0.041839180215739,-0.019055359984061,39.4432041595993,6.59191123271314,9.12736176635169
11.1,9.91557254993095,0.777938909417078,-7.50305445523175,0.355252812862905,0.04143308135185,-0.019522454711336,40.9875946814646,6.49541857491454,9.08401294721144
11.2,9.92977459938944,0.615039239154275,-7.53185589968532,0.340427757646533,0.041061037367314,-0.019905803432542,39.8871997225741,6.36970075727411,9.04022601624478
11.3,9.94125447190911,0.452320986607067,-7.56019749131728,0.325897420120605,0.04071450068065,-0.020200891302077,40.3382716696186,6.23736148058313,9.00413673005317
11.4,9.95001152900911,0.289705554522246,-7.58813147434772,0.311870303548472,0.040398847660525,-0.020416868096977,39.9372319980098,6.08865409304188,8.96945329062513
11.5,9.95605460170856,0.12730098875958,-7.61568384509743,0.298213965750267,0.040109694097326,-0.020555528809366,39.98603629659,5.93180414114482,8.93897360297886
11.6,9.95938787013206,-0.034882636206439,-7.64289247825579,0.284984636354819,0.039847559149307,-0.02062305222892,39.8166274615351,5.76536286886448,8.91006497422853
11.7,9.96002057853776,-0.19678729993628,-7.66978747164329,0.272140013412407,0.039609529633402,-0.020623637977215,39.7516722173776,5.59259876969194,8.88318183175535
11.8,9.95796126502021,-0.358377635125666,-7.69640047006369,0.259686682183032,0.03939398600467,-0.020562634584528,39.6438671762641,4.67665948664337,8.85678950732495
11.9,9.95322129519012,-0.519606343672472,-7.72279590964953,0.247608775672226,0.039197953130118,-0.020001527518097,39.5371727759108,4.64207799977374,8.83263663712021
12,9.9458130570141,-0.680429592516945,-7.7489882247506,0.235897517946715,0.039020932498067,-0.019547189455147,39.4585176537023,4.39841194023707,8.80753583162612
12.1,9.93574967004097,-0.840809021640244,-7.77500292617088,0.224548699770643,0.038859127047257,-0.019054019080984,39.36514080302,4.20741867218549,8.78213557714032
12.2,9.92304612759282,-1.00070350530567,-7.80086080862083,0.213551326876562,0.038710000722741,-0.018558183202818,34.4234876944937,7.20783691998618,10.0047451062516
12.3,9.90792168496775,-1.15908231019339,-7.82644131105426,0.202898334153772,0.038570977521828,-0.018053748915467,38.6835392945539,4.01252800022819,9.10333491560483
12.4,9.89027784038714,-1.31688078070112,-7.85208907561572,0.193602773763673,0.037493137851932,-0.015163457089262,38.6750335107315,3.60620267599637,8.76535905197074
12.5,9.87014851014363,-1.47408619021953,-7.87781190653782,0.184640313662897,0.036256806570966,-0.01241220456643,38.6002184951655,3.28682136211201,8.58810164105286
12.6,9.84755584818379,-1.6306656835378,-7.9036094632418,0.175986181510289,0.035061740873338,-0.009835785627533,38.5341701310251,2.99917491444244,8.45714728324517
12.7,9.82251707625572,-1.78658674526246,-7.92948030449267,0.167635307420854,0.033951349673792,-0.00742281086126,38.4740138339038,2.73984277627303,8.34834196859665
12.8,9.79504709171357,-1.94181743838408,-7.9554221514756,0.159581951881704,0.032935909912291,-0.005162433457364,38.4167640994987,2.50668990800057,8.25605639832427
12.9,9.76515947131947,-2.09632596897065,-7.9814319422472,0.151819689521206,0.032017825041117,-0.003045151645713,38.3611910389731,2.29775219497817,8.17811693213903
13,9.73286703822213,-2.25008052696762,-8.00750591460116,0.144341886691843,0.031196658566894,-0.001062600390066,38.3066942172545,2.11121464424861,8.11293831290147
13.1,9.69818228941937,-2.40304925656406,-8.03363969979943,0.137141874210427,0.030470275744497,0.000792636491867,38.2528799180057,1.94540044825167,8.0590216566643
13.2,9.66111775117889,-2.55520027810117,-8.05982841638266,0.130213004219442,0.029835246265809,0.002527186994963,38.1994461742035,1.79875475295598,8.0148898765429
13.3,9.62168627792059,-2.70650173503403,-8.08606676098191,0.12354867535986,0.029287097201062,0.004147032617554,38.1461533670608,1.66982881523731,7.97909865075303
13.4,9.57990129931927,-2.85692185562805,-8.11234909538507,0.117142350002328,0.028820524891426,0.00565763358584,38.0928155526023,1.55726616338899,7.95025688198435
13.5,9.53577701856379,-3.00642902356741,-8.13866952961606,0.110987569316456,0.028429586176714,0.007064038463045,38.0392962548698,1.45979095705032,7.92704515299305
13.6,9.48932856471343,-3.15499185307611,-8.165022000834,0.10507796737086,0.028107873274643,0.008370978741639,37.9855049097244,1.37619840184317,7.90823054859169
13.7,9.44057210241238,-3.30257926484107,-8.1914003478283,0.099407284360901,0.027848673639688,0.009582949085975,37.9313931330494,1.30534700356652,7.89267793470914
13.8,9.38952490254462,-3.44916055955852,-8.21779838086346,0.093969378821465,0.027645115464425,0.01070427401289,37.8769506900418,1.24615243827196,7.87935804446201
13.9,9.33620537766976,-3.59470548643272,-8.24420994662691,0.088758238649625,0.027490299232094,0.011739161909546,37.8222012074937,1.19758282038787,7.86735272704641
14,9.28063308626321,-3.73918430446211,-8.27062898805483,0.083767990781232,0.027377415565222,0.012691747378973,37.7671977098705,1.15865516089393,7.8558576833117
14.1,9.22282870989188,-3.8825678348524,-8.29704959884704,0.078992909398313,0.027299849498255,0.013566122972217,37.7120180678626,1.12843281922971,7.84418297939139
14.2,9.1628140074887,-4.02482750338709,-8.32346607252974,0.07442742258138,0.027251271232338,0.014366361411088,43.3209505587993,-3.61747029286206,6.03968950322319
14.3,9.1000285625226,-4.16695520123685,-8.35007445664147,0.07006611735817,0.027225713410433,0.015096529427516,38.7605330135228,-0.183368909755966,7.47629636960792
14.4,9.03489243551786,-4.30799711684326,-8.37646494402725,0.064712009627328,0.028568802324495,0.012851620403284,38.0501904026704,1.50932590721666,7.784598502884
14.5,8.96748768010984,-4.44779722339571,-8.4025306561509,0.059410561726464,0.030002420501644,0.009519047660676,37.9261474964109,1.9034879683514,7.92793130252719
14.6,8.89785134082095,-4.58631048516083,-8.42828583855373,0.054306662663272,0.031346775169343,0.006354616224139,37.8588598198871,2.14087114486285,8.02239459050121
14.7,8.82601872131072,-4.72350678488335,-8.45375613451428,0.049409662289883,0.032566038359368,0.003460488196864,37.7917488399225,2.32652820883776,8.08771271266258
14.8,8.75202746698334,-4.85935965389063,-8.47896807711347,0.044714510585708,0.033650085259375,0.000834564732201,37.7208446160712,2.47469927800976,8.12854688187583
14.9,8.67591724134533,-4.99384491627942,-8.50394785986745,0.040215262199717,0.034595389878928,-0.001535758215954,37.6472273493578,2.59000402161554,8.14728061243997
15,8.59772905928452,-5.12694033307731,-8.528721074074,0.035906390372404,0.035401754026156,-0.003663855317208,37.5722730600409,2.67578010336409,8.14609873373656
15.1,8.51750465713517,-5.25862532406991,-8.5533125568115,0.03178286270495,0.036071619262323,-0.005562877859686,37.4972078259817,2.73506575431865,8.12728608658866
15.2,8.43528593441717,-5.3888806860174,-8.57774625687268,0.027840097545905,0.036609751391447,-0.007245749132629,37.4230751866905,2.77073421406158,8.0932270741873
15.3,8.35111447361717,-5.51768831068138,-8.60204511102564,0.024073910262043,0.037022939363545,-0.008725247861591,37.3507396311693,2.78551679467366,8.04635436182125
15.4,8.26503114085566,-5.64503091249517,-8.62623093251989,0.020480459346271,0.03731966280126,-0.010014068649438,37.2808941715688,2.78200777729016,7.98909046002803
15.5,8.17707576777071,-5.77089177436522,-8.65032431422603,0.017056193725491,0.037509735557196,-0.011124849633174,37.2140704015653,2.76266466667071,7.92379180335609
15.6,8.08728691243553,-5.89525451807896,-8.67434454816132,0.013797802178095,0.037603941253728,-0.012070171667216,37.150650980434,2.28845758604845,7.85249398002678
15.7,7.99570466668143,-6.01809967076821,-8.69834314846076,0.01070216574724,0.037613465754957,-0.012419065228018,37.0872997462689,2.11408182412423,7.77835040127744
15.8,7.90236564567734,-6.13940984286821,-8.72234101313918,0.007765238901354,0.037551344732113,-0.012564305484084,37.0299394796558,2.00500839938533,7.70234028985897
15.9,7.80730400316726,-6.25916850808366,-8.74635109982802,0.004984845078981,0.037429050723693,-0.012602396529766,36.9776018972557,1.91028360970911,7.62608315308209
16,7.71055201943046,-6.37735925909043,-8.77038345117338,0.002358576549578,0.037257649429299,-0.012563304075171,36.9294367902838,1.81934825702458,7.55104604178243
16.1,7.61214037927891,-6.49396548778105,-8.79444636664914,-0.000116176851975,0.03704774370786,-0.012461469293126,36.8849910592418,1.73052299362131,7.47845169797011
16.2,7.51209834193148,-6.60897025524167,-8.81854672632169,-0.002442108826765,0.036809293951308,-0.012307292581896,36.8439687441726,1.64405778999205,7.40928651509555
16.3,7.41045388900642,-6.722356242079,-8.84269012550747,-0.004621950518054,0.036551474776352,-0.012109789805643,36.8061124931423,1.56056118218111,7.34431617566931
16.4,7.3072338760396,-6.83410573911162,-8.86688096802353,-0.00665846100715,0.036282577407497,-0.011877223042736,36.7711661824402,1.48063878323529,7.28410161080007
16.5,7.2024641911335,-6.94420066363702,-8.89112255140682,-0.008554429296877,0.036009950809491,-0.011617254730203,36.7388682533971,1.40481227514594,7.22901631092687
16.6,7.09616991781841,-7.05262259454269,-8.91541715120353,-0.010312678078492,0.035739975089721,-0.011336988726726,36.7089545389643,1.33350558308975,7.17926524254678
16.7,6.98837549779226,-7.15935282202899,-8.93976610529279,-0.011936066213892,0.035478061764856,-0.011042985917706,36.6811632805494,1.2670476410142,7.13490491307783
16.8,6.87910488938608,-7.26437240854918,-8.96416989781579,-0.013427489199435,0.035228676090864,-0.010741275749093,36.6552400478302,1.20567931966304,7.09586393474659
16.9,6.76838171824373,-7.36766225794681,-8.98862824203354,-0.014789877633422,0.034995377095115,-0.010437368707791,36.6309419209681,1.1495613214375,7.06196347714837
17,6.6562294174455,-7.46920319003206,-9.01314016146745,-0.016026193936715,0.034780871377453,-0.010136270632095,36.6080408149069,1.09878215588906,7.03293710545541
17.1,6.54266297404053,-7.56898201642348,-9.03764115972053,-0.017139427630833,0.034587077189947,-0.009842498697918,36.5880503327773,1.09062229747245,7.00844961686511
17.2,6.42770573764085,-7.66697929362967,-9.06213217167438,-0.018131936423882,0.034415083182059,-0.00960622769053,36.5682501583472,1.04247123794486,6.98801434292743
17.3,6.31138197847577,-7.76317521565018,-9.0866180415088,-0.019007057457041,0.034265324690193,-0.009367932316108,36.5488279812253,0.981597297911024,6.97138233130919
17.4,6.19371648061199,-7.85755003555741,-9.11110440153084,-0.019767997270176,0.034137933790047,-0.009110301185678,36.5298698627333,0.917326119249837,6.95812006124486
17.5,6.07473441554721,-7.95008427761709,-9.13559664686635,-0.020417871298865,0.03403256864648,-0.008830138741722,36.5113519990862,0.853100133018781,6.9477724514894
17.6,5.95446131770878,-8.04075885947911,-9.16009960343107,-0.020959745656034,0.033948459927251,-0.008529027042259,36.4932027043969,0.790361544493467,6.93988762367353
17.7,5.83292309153795,-8.12955517471267,-9.18461743231543,-0.021396655555297,0.033884483463358,-0.008210140209523,36.4753403272446,0.72983431575614,6.93402543155671
17.8,5.71014602370386,-8.21645515485838,-9.2091536177482,-0.021731609310482,0.033839232432857,-0.007877126370437,36.4576908246537,0.671957591800636,6.92976441543865
17.9,5.58615679106363,-8.30144131805245,-9.23371098612939,-0.021967585562743,0.033811085479468,-0.007533700723218,36.4401947026295,0.617036376092464,6.92670805295454
18,5.46098246158036,-8.38449680683417,-9.2582917374894,-0.022107527797491,0.033798270075251,-0.007183489531356,36.4228090154633,0.565296199563249,6.92448998749957
18.1,5.3346504879618,-8.46560541622021,-9.28289748241996,-0.022154338074898,0.033798920711789,-0.006829965612047,36.4055071451757,0.516904642743034,6.92277807122033
18.2,5.20718869476303,-8.5447516126815,-9.30752928165548,-0.022110870860825,0.033811131553551,-0.00647641887779,32.1106220668848,4.37758500061146,8.53702176956077
18.3,5.07942769475525,-8.62154239269296,-9.33203463870514,-0.021979927372056,0.033833003264631,-0.006125941444036,33.7735263391053,2.80471262222978,7.51947513561312
18.4,4.95108838303338,-8.69622295641739,-9.35669972518549,-0.02086425053051,0.032643635827599,-0.00288311832325,34.6404997122587,1.81065403196349,7.08807195235893
18.5,4.82202977721204,-8.76889555227052,-9.38166184455391,-0.01919965450756,0.031174420130098,0.001751617202293,35.1237805192587,1.1063526138734,6.86178231468593
18.6,4.69218130466913,-8.83960293370607,-9.40698381298407,-0.017208440134037,0.029715385400126,0.007010741293742,35.4068798167743,0.558183611955053,6.71229973077334
18.7,4.56150982407289,-8.90836045763782,-9.4326883536398,-0.015010988814304,0.028355048083593,0.012481290833773,35.5803628792501,0.104987952199175,6.60111960056161
18.8,4.430002430113,-8.97516949813288,-9.45877484982853,-0.012675503715293,0.027122025495432,0.017924957567834,35.6915677299356,-0.281070680733332,6.51578264276115
18.9,4.29765728940184,-9.04002375043922,-9.48522795727096,-0.010242222600947,0.026025668788436,0.023192243892864,35.7660698182026,-0.612207007400135,6.45111182657192
19,4.16447874471709,-9.10291250907736,-9.51202231159567,-0.007735957563574,0.025067800239408,0.028181029228707,35.8179624084171,-0.893276451943805,6.40402950127615
19.1,4.03047474544144,-9.16382250612435,-9.5391253225875,-0.005172846306251,0.024246417049917,0.032816572144516,35.8551222205332,-1.12579074084864,6.37213235320371
19.2,3.89565556472049,-9.22273900366116,-9.56649902822916,-0.002564065612701,0.023557097455914,0.037042030682767,35.8820255670956,-1.30994444315203,6.35329429686102
19.3,3.76003322985605,-9.27964647729119,-9.5941014938212,8.21103502112175E-05,0.022993696199711,0.040814157517065,35.9012957669569,-1.44567299802195,6.34555571244107
19.4,3.62362134023782,-9.33452906732434,-9.62188799792675,0.002759174909728,0.022548787633234,0.044101491178455,35.9145651652841,-1.53322217905575,6.34709495770987
19.5,3.48643508266104,-9.38737089502028,-9.6498121211563,0.005461774271741,0.022213999948621,0.046883675018666,35.9229546861396,-1.57346200840424,6.35622379979695
19.6,3.34849133043167,-9.43815629915447,-9.67782678690449,0.008185385092221,0.02198029105671,0.049151193889514,35.9273344315627,-1.33002573186065,6.37101048814561
19.7,3.20980082689866,-9.48687195477894,-9.70585355071859,0.010926151616192,0.021837694803557,0.050461487272688,35.9233284986116,-1.11510745438426,6.390059086311
19.8,3.07038183410274,-9.53350365278829,-9.73383153373327,0.01367765683641,0.021775584600095,0.051057505108745,35.9161748889846,-0.905449595671932,6.41243242550207
19.9,2.93025727398766,-9.57803722889354,-9.76171162832823,0.016436965472904,0.021784167363581,0.051092323460513,35.9084259489718,-0.690351313041524,6.43705477874672
20,2.78945313613142,-9.6204590877759,-9.7894534558374,0.019202852961552,0.021854037304887,0.050671230944867,35.9012188852501,-0.46662548788195,6.46293828071304
20.1,2.6479975874939,-9.66075649424485,-9.81702379385746,0.021974862449481,0.021976140942151,0.049874611236181,35.8949925238006,-0.235308574136575,6.48922527946925
20.2,2.50592044262248,-9.69891773595097,-9.84439574164611,0.024752833467432,0.022141836613356,0.048769748922531,41.1123161504359,-4.9994974643129,4.39398370999256
20.3,2.36218569378954,-9.73509061738693,-9.87175792779903,0.027536673771195,0.02234296412506,0.047416488105994,39.1255537752124,-2.43886345271953,5.89688857473444
20.4,2.21726059710441,-9.76906297084462,-9.8987709144986,0.029228611478871,0.024174868665946,0.042932117220698,37.977615865107,-0.507169964901736,6.40334787342608
20.5,2.07143766532806,-9.80075321103235,-9.92524980980151,0.030328805024703,0.026283337948704,0.036723477375226,37.3102029231162,0.533287768837932,6.68334610519049
20.6,1.92491612596711,-9.83012395963307,-9.95114030503684,0.031119565483051,0.028358609271898,0.03016368834425,36.9301826755795,1.21270134185197,6.88287544946652
20.7,1.77784146749229,-9.85715873814406,-9.97650561398534,0.031766725063529,0.030308607851677,0.02374263606747,36.7175443255941,1.69358940444149,7.03706675072313
20.8,1.63030750744808,-9.88185476072311,-10.0013669519656,0.032365305844381,0.032097613643106,0.017681171262801,36.5945490995991,2.11647069896904,7.15644871713075
20.9,1.48238356547922,-9.90421698888919,-10.0257528463469,0.032965105320003,0.03370833089028,0.011988160501928,36.5186403304956,2.48445599541646,7.24546112186807
21,1.33412504691118,-9.92425545435381,-10.0496966001494,0.033591329536975,0.03513190764239,0.006672586849446,36.4665258303174,2.79988254401588,7.30702653376639
21.1,1.18557941438244,-9.94198358897678,-10.0732348147659,0.034255724030911,0.036365037132911,0.001743430808027,36.4257558126824,3.06481009580106,7.34374129687586
21.2,1.03678954749043,-9.95741705763035,-10.0964064278391,0.034962837853214,0.037408821383108,-0.0027910749504,36.3899312653605,3.2812270054272,7.35821378270332
21.3,0.887795634076612,-9.97057286702671,-10.1192519946774,0.035713535312251,0.038268120055362,-0.006924297374377,36.3560042604423,3.45117161819857,7.35314758191266
21.4,0.73863623787667,-9.9814686474317,-10.1418130792617,0.036506953344744,0.038951020418498,-0.010651989367444,36.3227601159944,3.57682252214311,7.33133411362942
21.5,0.589348903242919,-9.99012206127885,-10.1641316922745,0.037341578574307,0.039468320145283,-0.013972943578956,36.2899615984947,3.66056797140055,7.29560748666736
21.6,0.439970497923831,-9.99655031851487,-10.186249751272,0.038215823038674,0.039832996345224,-0.016889480802276,36.2578637461254,3.70505364004771,7.24878341469764
21.7,0.290537405704592,-10.0007697892152,-10.2082085581338,0.039128312475091,0.040059664408116,-0.019407755302044,36.2269372321283,3.71320613936716,7.19359407986439
21.8,0.141085631249205,-10.0027957074663,-10.2300482992916,0.040078008809881,0.040164041997471,-0.021537870339903,36.1977102930744,3.68823078332813,7.1326266418869
21.9,-0.008349147696914,-10.0026419606983,-10.2518075790399,0.04106423687127,0.040162436892143,-0.023293807628409,36.1706791923731,3.32532185358527,7.06790133338211
22,-0.157728335075186,-10.0003213285999,-10.2735558524165,0.042086656347713,0.04007084108021,-0.024249828266299,36.1430874468633,3.07829983335475,7.00277899327697
22.1,-0.307014671039587,-9.99584492606097,-10.2953389934427,0.043143253197595,0.039906808380632,-0.024710341285171,36.1184836353761,2.87646167016518,6.93854406042329
22.2,-0.456172073179166,-9.98922227297031,-10.3171907358331,0.044234285619108,0.039686062725423,-0.024823934284302,36.0979922004194,2.69025515977204,6.87656782451842
22.3,-0.60516548381928,-9.98046136750216,-10.3391376729737,0.045360717934186,0.039422993218614,-0.024671004660844,36.0817366774406,2.5087127261311,6.81807617406877
22.4,-0.753960723428787,-9.96956878827723,-10.3612014389645,0.046523569282306,0.039130727784362,-0.024302293481192,36.069470253481,2.32883729344667,6.76406625703637
22.5,-0.902524366634034,-9.95654982602555,-10.3833996990139,0.047723671281475,0.038821082881536,-0.023755339596235,36.0608233104211,2.15087416532214,6.71528843380493
22.6,-1.05082364183771,-9.94140863907349,-10.4057466540131,0.048961587948375,0.038504502941809,-0.023061340439076,36.0553935256618,1.97625273958835,6.6722551537554
22.7,-1.1988263490268,-9.92414842589603,-10.4282533565861,0.050237595504814,0.038190026517587,-0.022247931166718,36.0527775260422,1.80670410522907,6.63526095451989
22.8,-1.34650079022067,-9.90477160826504,-10.4509279600683,0.05155168371267,0.037885287022916,-0.021340265298478,36.0525829060953,1.64389179386889,6.60440707526626
22.9,-1.49381570880804,-9.88328001914674,-10.4737759471944,0.052903565738636,0.037596545723778,-0.020361413777063,36.0544343600956,1.48926652860663,6.57962777588465
23,-1.64074023579935,-9.85967509020046,-10.4968003542186,0.054292692620846,0.037328751540548,-0.019332509843574,36.0579781286539,1.34401924419419,6.56071686468498
23.1,-1.78725342514054,-9.83395537189058,-10.5199390265993,0.055718271197049,0.037085621742999,-0.018272814550855,36.0645112020651,1.23754517594007,6.5473535405866
23.2,-1.93332482779682,-9.80612179452015,-10.5431938569312,0.05718051535029,0.036869635061426,-0.017243509517891,36.0718892967587,1.10995530285554,6.53902858016964
23.3,-2.07892359594396,-9.77617561638182,-10.5665687979234,0.058677995175243,0.036682212398821,-0.016204102552597,36.0797493882662,0.977372202346518,6.53540980749956
23.4,-2.22401876655944,-9.74411848683572,-10.5900676827508,0.060209052078254,0.036524098391363,-0.015144639731077,36.0878957631375,0.847206004287698,6.53600001091628
23.5,-2.36857942058118,-9.70995253453277,-10.6136933554786,0.061771919136161,0.036395277807067,-0.014067877156733,36.0961800930874,0.723021196727221,6.54024986575612
23.6,-2.51257477371985,-9.67368045817265,-10.6374473678293,0.063364756331727,0.036295044483716,-0.012981550416875,36.104470421422,0.606620835714852,6.54759378564999
23.7,-2.65597423084927,-9.63530560979362,-10.6613299219644,0.064985663943292,0.036222104133551,-0.011895008990363,36.112647022974,0.498953374603324,6.55746778929664
23.8,-2.79874742086732,-9.59483206591702,-10.6853399197348,0.066632693300674,0.036174681991136,-0.010817756301169,36.1206049712395,0.400515464466653,6.56932227641357
23.9,-2.94086422068792,-9.55226468449766,-10.7094750568967,0.0683038596589,0.036150627406784,-0.009758829490031,36.1282571359593,0.311537169601577,6.58263239536466
24,-3.08229477270298,-9.50760914707929,-10.7337319348064,0.069997157397694,0.036147512656631,-0.00872655271363,36.1355359854386,0.232072387297819,6.59690652638382
24.1,-3.22300949782311,-9.46087198641743,-10.7581061770932,0.071710576568555,0.036162724638733,-0.007728458014892,36.1423940543736,0.162047376843252,6.61169300376394
24.2,-3.36297910507026,-9.4120606003744,-10.7825925455097,0.073442119712699,0.036193548611321,-0.006771281607677,31.9190426742264,4.08103223248758,8.30126812762623
24.3,-3.50138521407074,-9.36156367081139,-10.8070287341626,0.075189818076321,0.036237243386984,-0.005860993635515,32.7822620251886,2.77412729359505,7.35643084297438
24.4,-3.63843853647833,-9.30939480000912,-10.8316664205854,0.077841625998046,0.035027470112732,-0.002049496760962,33.4118204149872,1.85153772190278,6.90684719416481
24.5,-3.77426972417315,-9.25553429348009,-10.8566453219407,0.081138499223161,0.033463270092877,0.003343332123535,33.8905742041656,1.13836050435025,6.6568026516334
24.6,-3.90896424685897,-9.19995565709034,-10.8820414745789,0.084903174104072,0.031867229207435,0.009563156282182,34.2652201336195,0.546237540835429,6.49032862626335
24.7,-4.04257952600714,-9.14263347390329,-10.9078922121284,0.089008554410278,0.030353383098149,0.016156413460206,34.564663915174,0.032166802387061,6.36721532092349
24.8,-4.17515402959513,-9.08354501838761,-10.9342094125253,0.093360328874978,0.028964254264336,0.022831265627613,34.80805200115,-0.423815439412556,6.27305877674696
24.9,-4.30671274261535,-9.02267015521895,-10.9609868308896,0.097886782167932,0.027716578174591,0.029385095942952,35.0085826912707,-0.829820461533769,6.20172227556128
25,-4.43727076514595,-8.95999092908611,-10.9882044034243,0.10253230500479,0.026616372722119,0.035666630105523,35.1755640932355,-1.18779598556042,6.14970683307677
25.1,-4.56683577877652,-8.89549122990977,-11.015830992042,0.107253015672392,0.025664172426401,0.041556333121851,35.3156629473084,-1.49652861857729,6.11440478026727
25.2,-4.6954097485137,-8.82915661215599,-11.0438263415179,0.11201371483756,0.024857101660995,0.046956610167708,35.4337287290632,-1.75330429737829,6.09356910628317
25.3,-4.82299007911343,-8.7609742613147,-11.0721426648959,0.116785745378316,0.024189890172576,0.051787318340621,35.5333666087817,-1.95488658508442,6.08515669492958
25.4,-4.94957037764983,-8.6909330789613,-11.1007260846571,0.121545493797956,0.023655500157701,0.055984146983514,35.6173464594608,-2.0981518021626,6.08728470801822
25.5,-5.07514093807516,-8.61902385354106,-11.1295180534005,0.126273355454891,0.023245585995435,0.059498500594068,35.6878959608546,-2.18056373464597,6.09821981974969
25.6,-5.19968904053606,-8.54523948393919,-11.1584568167068,0.130953034566588,0.022950865288662,0.062298085294147,35.7469064470442,-2.00504149729919,6.11591379396788
25.7,-5.32320615340788,-8.46956992144353,-11.1874477911295,0.135571079990093,0.022760783685124,0.06392404738886,35.7926000582006,-1.80422597887149,6.13909863891045
25.8,-5.44567678267219,-8.39201081628087,-11.2164100110429,0.140112696466582,0.022664190166254,0.064581599723981,35.8288142450088,-1.57049971382176,6.16674897186953
25.9,-5.56708028019197,-8.31256257038411,-11.2452732482481,0.144568171646453,0.022650608305271,0.064423481367263,35.8584559501339,-1.30271408970292,6.19777258990574
26,-5.6873921781562,-8.23122965486755,-11.2739766873546,0.148931620920348,0.022709949634379,0.063574377920154,35.8837162863792,-1.00453076130908,6.23115512007387
26.1,-5.80658520305045,-8.14802008582169,-11.3024684178286,0.153200012600665,0.022832499815172,0.062144578735404,35.9062360115588,-0.682851408614762,6.26599456461925
26.2,-5.92463008553553,-8.06294498150355,-11.3307052645792,0.157372412023765,0.023008975135105,0.06023658401535,41.1590216312877,-5.43294160518975,4.12687935529364
26.3,-6.04229461717964,-7.97529194190966,-11.3588702160918,0.161449377965296,0.023230585574254,0.057947361959344,40.1390934102294,-2.8944883002141,5.57017864574246
26.4,-6.15925669741194,-7.88514958976526,-11.3866512502921,0.164333537551601,0.025135781680232,0.052484768193349,39.3660289515176,-0.75842339686159,6.13025510507555
26.5,-6.27529938558356,-7.79263999140899,-11.4138495878425,0.166326838188986,0.027405763211189,0.045095649052886,38.7726972940094,0.44761318574657,6.46213288615832
26.6,-6.39024157671169,-7.69789795843643,-11.4404571688711,0.167654134414707,0.029690669607348,0.037288821323612,38.3234161856293,1.22071793271471,6.709716780272
26.7,-6.50394782052294,-7.60103766199078,-11.4664567958649,0.168495768022642,0.03187621393964,0.029667721261942,37.9822962942492,1.84634371164232,6.9104104900055
26.8,-6.61631359383893,-7.50215781608322,-11.4918540690636,0.168987159251777,0.033914538161259,0.022378179421462,37.7220545988864,2.38103225173811,7.07510447277469
26.9,-6.72725851386357,-7.40134400066779,-11.516668066898,0.169229179321243,0.035779810349928,0.015477753544177,37.5218153054504,2.84546083501122,7.20773730988302
27,-6.83672082426289,-7.29867135920494,-11.5409269929938,0.169296154127143,0.037455995814388,0.008994934059384,37.3657615635231,3.24779611033748,7.31052148006644
27.1,-6.9446529830501,-7.19420693316923,-11.5646657993759,0.169242360245255,0.038933316534276,0.002948973895055,37.2420215748009,3.59174568777568,7.3854091911748
27.2,-7.05101814911549,-7.08801150963582,-11.5879246496499,0.16910711521006,0.040207119541284,-0.00264403860856,37.1417898041965,3.87941523103824,7.43450418082429
27.3,-7.15578738696537,-6.98014102608368,-11.6107477618524,0.168918704639405,0.04127736874053,-0.007769938902227,37.0586313221544,4.11238750298846,7.46015802735005
27.4,-7.25893744407623,-6.87064761381287,-11.6331824295703,0.168697383200403,0.042148239976751,-0.012416901808296,36.9879289198868,4.29218505408265,7.46496080525184
27.5,-7.3604489880597,-6.75958036014516,-11.6552781275804,0.168457649257795,0.042827672168855,-0.01657634598835,36.9264446694583,4.42051345909442,7.4516892691831
27.6,-7.46030521775355,-6.64698585765943,-11.6770856586301,0.168209953994196,0.043326844343716,-0.020243875107103,36.8719740082809,4.49941766663645,7.42323483752597
27.7,-7.55849078284958,-6.53290859499668,-11.6986563250171,0.167961971670657,0.043659588664247,-0.023420064862622,36.8230741190902,4.53139084284195,7.38252250840492
27.8,-7.65499096134095,-6.41739123128828,-11.7200411249176,0.167719529672312,0.043841764626851,-0.026111006002951,36.7788513411056,4.5194422678527,7.33242874377175
27.9,-7.7497910539876,-6.30047478602234,-11.7412899836832,0.167487274776475,0.043890624549766,-0.028328559047076,36.7387951872543,4.16533730381971,7.27524465181817
28,-7.84287464037106,-6.18220083577129,-11.7624842103553,0.167269134973576,0.043823619093513,-0.029646954484344,36.700329420216,3.90717553190009,7.21484919611949
28.1,-7.93422492300862,-6.06260903247837,-11.7836816897461,0.167066018858955,0.043660499048458,-0.03036951384066,36.6653051579058,3.68338524946482,7.15302564142354
28.2,-8.02382458300018,-5.94173726968378,-11.8049275187659,0.166880934202272,0.043419569387186,-0.030652355514775,36.6344987499839,3.46756711406352,7.09155351119651
28.3,-8.11165573342868,-5.81962175059117,-11.8262587829835,0.166717672755679,0.043117955353024,-0.030585086876467,36.6081489810666,3.25031922614233,7.03204999122283
28.4,-8.19769992465185,-5.69629705119489,-11.8477066629974,0.166580156087767,0.042771570802917,-0.030227789229,36.5862326136005,3.02988694684644,6.97588935792845
28.5,-8.28193819022197,-5.57179619600111,-11.8692973902458,0.16647212131336,0.042394989988808,-0.029627205246637,36.5685900224983,2.80771007625943,6.92417456476606
28.6,-8.36435112390586,-5.44615075026702,-11.8910527381898,0.166396963028865,0.042001320561268,-0.028823513511384,36.5549815181646,2.58637155088984,6.8777369603063
28.7,-8.44491897810635,-5.3193909296425,-11.9129903455443,0.166357646087154,0.041602115026336,-0.027852993464051,36.545115184959,2.36867313661714,6.8371505943451
28.8,-8.52362177518305,-5.19154572628913,-11.935123992566,0.166356653797023,0.041207329658455,-0.026748971938741,36.5386640470323,2.15723261725361,6.80275415799593
28.9,-8.60043942499571,-5.06264304894177,-11.9574638743127,0.166395958067926,0.040825328250593,-0.025542102922924,36.5352793844443,1.95432212748612,6.77467687854701
29,-8.6753518437599,-4.93270987314967,-11.980016882235,0.166477006515002,0.040462923981367,-0.024260428530946,36.5346023295398,1.76181852998823,6.75286623655167
29.1,-8.74833907072499,-4.8017723972302,-12.0027868927504,0.166600724247345,0.040125451773549,-0.022929401340369,36.5362741125554,1.58120596060829,6.73711613497184
29.2,-8.81938138021375,-4.66985619928077,-12.0257750573747,0.166767528566705,0.039816863891394,-0.021571931742201,36.5399448203709,1.41360227024289,6.72709457153284
29.3,-8.8884630827184,-4.53697721380139,-12.0489171136112,0.166977354651804,0.039539842349879,-0.020208475073384,36.5462512281743,1.2868863541022,6.72237013505287
29.4,-8.95556485926713,-4.40316038678558,-12.0722126835958,0.16723104709378,0.039295825514459,-0.018897820102689,36.553917881731,1.14199519626166,6.72233774998787
29.5,-9.02066770974397,-4.26843107464344,-12.0956633220481,0.167527613255887,0.039085198783454,-0.017600776969816,36.5625534917228,0.995540180113394,6.72658041882499
29.6,-9.08375315083309,-4.13281487231733,-12.1192703391878,0.16786557543201,0.038907703349056,-0.016308697819274,36.5718801711151,0.854828450663854,6.73453566372986
29.7,-9.14480335300298,-3.99633756625477,-12.1430339760045,0.168243130763959,0.038762369758224,-0.01502507825022,36.5816709684788,0.723160298250278,6.74560422800419
29.8,-9.20380123867146,-3.85902514068097,-12.1669531462626,0.168658228113922,0.038647600631047,-0.01375783307666,36.5917301141687,0.602045953781791,6.75918484325746
29.9,-9.26073055410178,-3.7209038033733,-12.1910254155934,0.169108618395173,0.038561284607458,-0.012516060707327,36.6018872679562,0.492148905991314,6.77469113409174
30,-9.31557592148143,-3.5820000153327,-12.2152470780308,0.169591896890099,0.038500912321416,-0.011308709941735,36.6119960322937,0.393696688638283,6.79156334641002
30.1,-9.36832287457571,-3.44234051739878,-12.2396132703361,0.170105543126916,0.038463686678084,-0.01014405770393,36.6219334310293,0.306666987136515,6.80927759485507
30.2,-9.41895787997846,-3.30195235098622,-12.2641180984267,0.170646959472682,0.038446624960664,-0.009029533383777,32.3052794413817,4.18470227782872,8.46188253225364
30.3,-9.46726137395518,-3.16173514875363,-12.2885961382002,0.171213508194309,0.038446651668772,-0.007971690527357,32.7954597570752,2.79631887238174,7.56041079216371
30.4,-9.51335855194396,-3.02160755547641,-12.3132835130745,0.172712684797848,0.037226592004337,-0.004040910286673,33.2005387014199,1.85161464469171,7.11978129519588
30.5,-9.55731047607444,-2.88149430379901,-12.338306137909,0.174961835854898,0.035651053121192,0.001386289491766,33.5508572206785,1.143773119451,6.86841630426908
30.6,-9.59915068890134,-2.74132893795737,-12.3637297047593,0.177823566610423,0.034036231911171,0.007551608813548,33.8615742304105,0.569960518541332,6.69722140050379
30.7,-9.63889933043246,-2.60105341255303,-12.389584883544,0.181187670764661,0.032495901864776,0.014015694748969,34.1410419219774,0.080818975248317,6.56778693772254
30.8,-9.6765685430688,-2.4606172085458,-12.4158801748821,0.184961879953418,0.031073261796317,0.02050532920094,34.3943876768741,-0.346825778537465,6.46634087849406
30.9,-9.71216484700126,-2.31997649915874,-12.4426086936282,0.189067012783347,0.029785797338073,0.026836316453699,34.6250595869953,-0.723143268092882,6.38709620629131
31,-9.74569044833708,-2.1790934626088,-12.4697519418349,0.193434132512293,0.028640254518514,0.032874332815613,34.8355437939564,-1.05169748315912,6.3268015046673
31.1,-9.77714412609422,-2.03793575225697,-12.4972820874175,0.198002685032869,0.027637868662117,0.038515092590996,35.0277322455903,-1.33265907954359,6.28303875156092
31.2,-9.80652191476667,-1.89647611675706,-12.5251635205462,0.202719179830718,0.026776438577422,0.043674551022535,35.2031338108029,-1.5644982819646,6.25371294782936
31.3,-9.83381766299551,-1.75469215596511,-12.5533540910288,0.207536215716881,0.026051348130584,0.048284415213152,35.3630097060295,-1.744949415043,6.2369089575456
31.4,-9.85902350560268,-1.61256619267955,-12.5818062413241,0.212411750513749,0.025456204443651,0.052290484046827,35.5084681798826,-1.87163646683855,6.23085688116524
31.5,-9.88213027152509,-1.47008523482289,-12.6104681490478,0.217308554287413,0.024983310346012,0.055652467851036,35.6405335221893,-1.94255633623137,6.23392649645973
31.6,-9.90312784385422,-1.32724099792361,-12.6392849348225,0.222193802577988,0.024624046026016,0.058344506594346,35.7601955912016,-1.75879847247023,6.24416356126533
31.7,-9.92200577326297,-1.1840212812659,-12.6681688670797,0.22703877299813,0.024368537629856,0.059912236811027,35.8665524129889,-1.55710399706365,6.2604084659502
31.8,-9.93875301813754,-1.04042357595924,-12.6970456725687,0.231814934590698,0.024206357885683,0.060565979201549,35.961652619983,-1.32943207097457,6.28170816175251
31.9,-9.95335836003446,-0.896453316734249,-12.7258512771845,0.236499757906159,0.024127758228567,0.060459496560982,36.0472402809018,-1.07390324215122,6.30704463718006
32,-9.9658107461272,-0.7521225503854,-12.7545301935616,0.241075736422671,0.024123384855804,0.059715076859342,36.1247928181633,-0.79315277212298,6.33546804033429
32.1,-9.97609956532659,-0.607448879740097,-12.7830348049197,0.24552954484301,0.024184249588377,0.058437812312648,36.1955588717683,-0.492774036228293,6.36612872749269
32.2,-9.98421486674182,-0.462454573862701,-12.8113250617871,0.24985132452482,0.024301768632558,0.056722847863473,41.5757311370536,-5.22492163834476,4.24784913132105
32.3,-9.99008478734743,-0.31607125969216,-12.8395899864632,0.254034064864971,0.024467809804528,0.054658339156172,41.0512151449783,-2.70567899111464,5.674038028943
32.4,-9.99356860799628,-0.168506802875514,-12.8675373842279,0.256956416067065,0.026302779745296,0.049449180901591,40.6057260853391,-0.626469830733915,6.22592230333084
32.5,-9.99461598029352,-0.019949775180672,-12.8949785654828,0.258821402783165,0.028500947004687,0.042367131894969,40.2185130072116,0.529871647025627,6.5570345206553
32.6,-9.99320861918653,0.129402254222585,-12.9219059669882,0.2597965781559,0.030721572906974,0.034890361054883,39.8809567981884,1.27149004170943,6.80951095614341
32.7,-9.98934160184374,0.279378524996785,-12.9482966143432,0.260033794141901,0.03285600047286,0.027593297185946,39.5826901883803,1.87744581709707,7.01966603277069
32.8,-9.98301865971424,0.429826737569012,-12.9741470024156,0.259662056633685,0.034859762127376,0.020606656534586,39.3163657636418,2.40159541334185,7.19750439938612
32.9,-9.97424993553941,0.58061147297403,-12.9994655140297,0.258791117903492,0.036708696357428,0.013978301493513,39.0768061246888,2.86310974137915,7.34615350379004
33,-9.96305063744518,0.731612244915288,-13.0242691599009,0.25751424270582,0.038387028782977,0.007730140878578,38.8603295960645,3.26911215636,7.46705471331602
33.1,-9.94943998592554,0.882721661380174,-13.0485818971194,0.255910647582705,0.039884083749246,0.001877092666885,38.664192022807,3.62243778158283,7.56142616477465
33.2,-9.93344028387116,1.03384376525755,-13.0724335306698,0.254047540646236,0.041193396319539,-0.003567164032476,38.4862095555564,3.92437768747392,7.6306832173386
33.3,-9.91507606844393,1.18489253032589,-13.0958588237802,0.251981838187377,0.0423124488026,-0.008589099456537,38.3245362144709,4.17571172955607,7.67654756662826
33.4,-9.89437334137093,1.33579048461418,-13.1188966718145,0.249761640902295,0.043242506361428,-0.013175877486517,38.1775503290119,4.37714977513509,7.70105132258046
33.5,-9.87135888362209,1.48646744723378,-13.1415892833623,0.247427527468413,0.043988394290938,-0.017316419738153,38.0438071625228,4.52956559299969,7.70649703019929
33.6,-9.84605966065612,1.63685937732587,-13.1639813496861,0.245013698836086,0.044558176177854,-0.021002553006343,37.9220251051058,4.63415391676901,7.69539421033967
33.7,-9.81850232173926,1.78690734056734,-13.1861192016415,0.242548990036579,0.044962734353846,-0.024230048846846,37.8110837268621,4.69255069286142,7.67038229515641
33.8,-9.78871279345771,1.93655660024766,-13.2080499633045,0.240057757246875,0.045215272256456,-0.02699945664997,37.7100212500012,4.7069230794517,7.63414734966978
33.9,-9.75671596430436,2.08575583787604,-13.2298207180288,0.237560644218832,0.045330766871543,-0.02931667149976,37.6180258177462,4.68002367865931,7.58933931009903
34,-9.72253545450076,2.23445650416457,-13.2514777068427,0.235075231896086,0.04532540246055,-0.031193202226304,37.534419389164,4.31268499212746,7.537971131218
34.1,-9.68619428591994,2.38260995303906,-13.2730992036253,0.232616576529783,0.045215365200002,-0.032202863278628,37.4569071172446,4.04387022636906,7.48388253058289
34.2,-9.64771371834415,2.53017002536483,-13.2947398900492,0.230194900519832,0.0450192576633,-0.032649512982878,37.3863534685047,3.81165555789744,7.42858545853335
34.3,-9.60711335065244,2.67709257857096,-13.3164416909576,0.227821024876848,0.044754079924249,-0.032688349950755,37.3229401593048,3.58938755743478,7.37367375710363
34.4,-9.56441117866892,2.82333522401112,-13.338238629987,0.225505255187523,0.044435634105089,-0.03240756494861,37.2665033990197,3.36754890781453,7.32060855427148
34.5,-9.51962366778595,2.9688571483406,-13.3601589623335,0.223256893553522,0.044078537732341,-0.031865728125411,37.2167132681439,3.14430924570496,7.27062511833537
34.6,-9.47276585316356,3.11361898226958,-13.3822261401361,0.221084065673751,0.043696116390695,-0.031108073550424,37.173158934552,2.92102021622615,7.22470302198873
34.7,-9.42385146716734,3.25758269902259,-13.4044593097591,0.218993686245744,0.04330029103246,-0.030173271428037,37.1353889276511,2.70015073272021,7.18356636404205
34.8,-9.37289308971178,3.40071153107083,-13.4268736409196,0.21699148094187,0.042901500707728,-0.029096078715259,37.1029321753536,2.48436624896304,7.1476983903041
34.9,-9.31990231593248,3.54296989755018,-13.4494806085376,0.215082031434135,0.04250867024671,-0.027908283485493,37.0753112761765,2.27613438241592,7.11736331779738
35,-9.26488993532051,3.68432333774069,-13.472288270418,0.213268831162963,0.042129220477025,-0.026638994862775,37.0520525061586,2.07757147953611,7.09263180418009
35.1,-9.20786611658953,3.82473844817535,-13.4953015515495,0.21155434783145,0.041769114553322,-0.025314720631097,37.0326940338458,1.89039944820484,7.07340805257713
35.2,-9.14884059293644,3.96418282240953,-13.5185225334636,0.209940091303732,0.041432933117915,-0.02395940717255,37.0167926752056,1.7159528229757,7.05945725359608
35.3,-9.08782284291694,4.10262499333232,-13.5419507433269,0.20842668612668,0.041123971349841,-0.022594501852913,37.0039291987828,1.55520809924199,7.05043244965405
35.4,-9.02482226283263,4.24003437828799,-13.56558343715,0.207013947758234,0.040844351711809,-0.021239050915919,36.993712182567,1.40882201056796,7.04590015590514
35.5,-8.95984314799385,4.3763898383976,-13.5893529215221,0.205700961358356,0.040595147052534,-0.019909828237605,36.9864610172126,1.30375844502784,7.04536425812302
35.6,-8.8928951217551,4.51166195740521,-13.6132557594168,0.204487483000908,0.040376411902268,-0.018661207430888,36.9811840503383,1.18099487500464,7.04818712037726
35.7,-8.82398851373971,4.64582153514469,-13.6372908561168,0.203371319209018,0.040187373617406,-0.017450986544833,36.9775107158485,1.0570182483519,7.05395418213451
35.8,-8.75313429564339,4.77883983606452,-13.6614572368116,0.202349661962461,0.040026842599787,-0.01626784196222,36.9751572453404,0.938845257094202,7.06212905975757
35.9,-8.68034408996009,4.91068869928407,-13.6857532026754,0.201419267391748,0.039893133475227,-0.015112703569412,36.9738853982816,0.829491357006232,7.07216281682845
36,-8.60563020149745,5.04134058262727,-13.7101760574116,0.200576556573584,0.039784138485738,-0.013991026058506,36.9734881501579,0.730225765105234,7.08352495524205
36.1,-8.52900565071254,5.17076857467309,-13.7347220698123,0.199817688881056,0.039697429580942,-0.01290958080032,36.9737843228585,0.641517086221261,7.0957164714751
36.2,-8.45048420027177,5.29894639031499,-13.759386532488,0.199138624633709,0.03963036013358,-0.011875139624385,32.579692907835,4.45075088571233,8.68662243270121
36.3,-8.37064111876444,5.4251301292828,-13.7840055118098,0.198535182407547,0.039580159135654,-0.010893955379035,32.9194060229712,3.02042048041222,7.79984434429393
36.4,-8.28950687024951,5.54944783313142,-13.8088086389813,0.198927615764893,0.038351557283805,-0.007084024080797,33.1992647141787,2.07248137202765,7.36747450787027
36.5,-8.20707392130335,5.671980167516,-13.8339138736902,0.200158871104865,0.036786519201492,-0.001844251713121,33.4469622540035,1.37845622287461,7.11826395664349
36.6,-8.12332193105681,5.79278616677847,-13.8593800941648,0.20211070695442,0.035187422117867,0.004075995744794,33.6755726226339,0.825685912400001,6.94512686651073
36.7,-8.03822637374929,5.91191350287095,-13.8852331361826,0.204686163955156,0.033660923679354,0.010255403459027,33.8916605103296,0.360659790256093,6.81121302465582
36.8,-7.95176138912114,6.02940244371394,-13.9114787837542,0.207801037983101,0.032246847530242,0.016439410395907,34.0986270660577,-0.041762612251574,6.70362377539622
36.9,-7.86390083051764,6.14528755307594,-13.9381094552605,0.211379758243823,0.030961105438741,0.022460650107836,34.2981956817216,-0.392953946914388,6.6170274192271
37,-7.77461878322266,6.25959856075405,-13.9651078103148,0.215353240277301,0.02980970351916,0.028199455946207,34.4911469984922,-0.697450924314074,6.54842576780386
37.1,-7.68388994079453,6.37236088109591,-13.9924488451829,0.219657673650712,0.028793544926314,0.033564255541494,34.6777202112555,-0.95634931356017,6.49556577241477
37.2,-7.59168995426119,6.48359594592584,-14.0201012599074,0.224233798569413,0.027910328835791,0.038482044649486,34.8578504528488,-1.16904709378473,6.45648148978548
37.3,-7.49799578579108,6.59332141937813,-14.0480284987476,0.229026466835459,0.027155503748393,0.042894055897793,35.0313182777373,-1.3342092663639,6.42937376912682
37.4,-7.40278607183639,6.70155133160501,-14.0761896738781,0.233984383097625,0.026522880450064,0.04675411889312,35.1978481254645,-1.45037110465612,6.41258532227296
37.5,-7.30604149062639,6.80829615891248,-14.1045404817375,0.239059966126266,0.026005094958386,0.050028379239618,35.3571746595042,-1.51638105901327,6.40459898946808
37.6,-7.20774512357715,6.91356287470179,-14.1330341648672,0.244209289652633,0.025593984719528,0.052695624927328,35.5090869601579,-1.53177417166671,6.40403864073727
37.7,-7.10788279654547,7.01735499384373,-14.1616225365832,0.24939207151389,0.025280901822265,0.054747756735293,35.653455954011,-1.28919054245745,6.40921322909624
37.8,-7.00643702449636,7.11967789960751,-14.1902259879728,0.25457168438777,0.025056351509924,0.055746659340385,35.7892291279425,-1.0453856790132,6.41922605641486
37.9,-6.90339717465323,7.22053059545301,-14.2187801564589,0.259711870866396,0.024910619743281,0.055924554771874,35.9169874959215,-0.791247633663486,6.43335084678383
38,-6.79875833833353,7.31990702063167,-14.2472318090977,0.26478208775955,0.024834919494133,0.055446619743834,36.0372531635044,-0.523822770635069,6.4507960295859
38.1,-6.6925205113436,7.41779704886749,-14.2755365575126,0.269756725476114,0.024821059845831,0.054438690570699,36.1504953378546,-0.244414865626172,6.47083141543379
38.2,-6.58468797278313,7.51418726502059,-14.3036576023556,0.274614431089896,0.024861368118593,0.053003344518829,41.5714239702233,-4.94609747975858,4.36602049732519
38.3,-6.47437428425504,7.60969554300906,-14.3317855486395,0.279337534429437,0.024948683041529,0.051228570518647,41.3311307130946,-2.48862640801419,5.79996879644087
38.4,-6.36160762943711,7.70411842683592,-14.3596425932868,0.282794881279017,0.026685807884152,0.046327203351262,41.106744034376,-0.484728553105771,6.32686550964383
38.5,-6.2464693685574,7.79732464823401,-14.3870487450192,0.28513014881869,0.028758041667615,0.039567763607292,40.8903440187036,0.632399282759814,6.63837577181624
38.6,-6.12907644143442,7.88919294454138,-14.4139978791106,0.286467840979095,0.030842912732275,0.032388912140461,40.6797580137946,1.35241333796363,6.87721098295068
38.7,-6.00954146494371,7.97962121905777,-14.4404646643884,0.286929660608578,0.0328436715646,0.025355005816742,40.4712993624257,1.94322872354216,7.07833352605364
38.8,-5.88797531465052,8.06851932576271,-14.4664413273352,0.286626219652883,0.034723041943704,0.018597421238933,40.2626943752596,2.45743790708646,7.25093841381436
38.9,-5.76448589709777,8.15580774578339,-14.4919307807554,0.285658459042306,0.036461518759225,0.012164839802976,40.0530346052997,2.9139198696871,7.39772344509165
39,-5.63917786345013,8.24141648866588,-14.5169438384446,0.284118653408663,0.038046483781676,0.006079559776957,39.8426369270518,3.31953813672652,7.51982705274722
39.1,-5.51215246804604,8.32528413342999,-14.5414979072296,0.282091348214913,0.039469314770689,0.000356824612348,39.632774767328,3.67673946355126,7.61816838705629
39.2,-5.38350737390282,8.40735696689116,-14.5656161989154,0.279654048246491,0.040724647194943,-0.004989032398487,39.4253537671088,3.98630706072765,7.69382523624959
39.3,-5.25333639502661,8.48758818319851,-14.5893270976089,0.276877668422553,0.041810192234055,-0.00994323755959,39.2225775797924,4.24842598484013,7.74813830335535
39.4,-5.12172922098952,8.56593711609232,-14.6126635389019,0.273826816255882,0.042726655923177,-0.014490989987239,39.0266443909045,4.46315269661464,7.78272679061624
39.5,-4.98877117766011,8.64236848666155,-14.6356623451061,0.270559985707632,0.043477623641585,-0.018618502043959,38.8395077884267,4.63067193888691,7.79946621675354
39.6,-4.85454306710726,8.71685166203639,-14.6583634993138,0.267129732617415,0.04406936947099,-0.022314210694504,38.6627216777563,4.75147476393272,7.80044392450512
39.7,-4.71912111111489,8.78935993176785,-14.680809360675,0.263582882684767,0.044510583008241,-0.025569951080404,38.4973713533924,4.82650070543163,7.78789924605029
39.8,-4.58257700313469,8.85986981654984,-14.703043834885,0.259960800153922,0.04481202132933,-0.028381975799886,38.3440773546194,4.85725229554791,7.76415403188017
39.9,-4.44497805725434,8.92836042741838,-14.7251115213967,0.256299723716907,0.044986102722011,-0.030751741534502,38.2030495725049,4.84587632658013,7.7315394603055
40,-4.30638743224284,8.99481289275199,-14.7470568636621,0.252631159245451,0.045046464210288,-0.032686407050391,38.0741672913614,4.49676944494057,7.69177216857032
40.1,-4.16686669494845,9.05920906605187,-14.7689572172816,0.24898230859543,0.045006828542125,-0.033755692211912,37.955341727812,4.23946821695576,7.64854635829825
40.2,-4.02647320521966,9.12153210672871,-14.7908669458163,0.245373631995418,0.044883587942406,-0.034256824616893,37.8473151757348,4.01530144932254,7.6031780945811
40.3,-3.88526061736759,9.18176616693173,-14.8128279493951,0.241824568571866,0.04469174074596,-0.034342764419992,37.7500722022009,3.79874200400502,7.55713359782351
40.4,-3.74327921073108,9.23989616510987,-14.8348744053825,0.23835256528264,0.044445343951497,-0.03410093813304,37.6631709283209,3.58069207990777,7.51179061817409
40.5,-3.60057617673507,9.29590762128996,-14.8570348397179,0.234972735718958,0.044157537164823,-0.033589753576435,37.5859503313481,3.35956590000616,7.46833690274513
40.6,-3.45719589058708,9.34978654648235,-14.8793330443593,0.23169784321277,0.043840430962076,-0.032854659239918,37.5176482449846,3.13694572768984,7.42773470774261
40.7,-3.31318017373095,9.40151937858259,-14.9017885328807,0.228538424492466,0.043504980952098,-0.031934843933855,37.4574680413856,2.91554637348503,7.39071591409063
40.8,-3.16856854828951,9.45109295628101,-14.9244168350043,0.225502963616896,0.043160891460009,-0.030865827844053,37.4046174613523,2.69828525498325,7.35779196313289
40.9,-3.02339848331821,9.49849452264529,-14.9472297522562,0.222598076489981,0.042816560897713,-0.029680337365253,37.3583321084523,2.48787283718677,7.32927151283313
41,-2.87770563196304,9.54371175081223,-14.9702356180398,0.219828690340847,0.042479068411689,-0.028408522349406,37.3178899463322,2.28664750481464,7.30528229054631
41.1,-2.73152405813929,9.58673278520409,-14.9934395721158,0.217198213095124,0.042154196827273,-0.027077967183467,37.2826200193257,2.09652565364846,7.28579511039268
41.2,-2.58488645111384,9.62754629266023,-15.0168438466251,0.214708691752545,0.041846485539227,-0.025713675814019,37.2519071389257,1.91900607180164,7.27064870825943
41.3,-2.43782432638513,9.66614151876725,-15.0404480568737,0.212360960289259,0.041559306932259,-0.02433809249081,37.2251936058177,1.75519936102286,7.25957442158156
41.4,-2.29036821147625,9.70250834546488,-15.064249489896,0.210154777889648,0.041294960372055,-0.022971170527916,37.2019787290432,1.60586798316804,7.25221998894754
41.5,-2.14254781562477,9.73663734671029,-15.0882433849959,0.208088958216431,0.041054778455321,-0.021630482511334,37.1818167461653,1.47146961940571,7.24817193328013
41.6,-1.99439218279992,9.76851983961743,-15.1124232019908,0.206161490253178,0.040839240899451,-0.020331359794944,37.1643136450323,1.35220005191471,7.24697614590855
41.7,-1.84591964333421,9.79814894998917,-15.1367179555806,0.204369651105586,0.040648092122411,-0.019087049025073,37.1497155093555,1.27432586392225,7.24815641627962
41.8,-1.6971586438067,9.82551726566695,-15.1611213251527,0.202711361748848,0.040480359232265,-0.017948641358457,37.1371241986748,1.17926526682965,7.25112949536706
41.9,-1.54813796558372,9.85061819713066,-15.1856297370803,0.201182695765486,0.040334532547419,-0.016870968307829,37.1262189100291,1.08278617514049,7.25556777531384
42,-1.39888646127181,9.87344602862092,-15.2102401467814,0.199779200503553,0.040208956904342,-0.015839550645505,37.1167590635165,0.991502258820775,7.2610434522348
42.1,-1.24943295606699,9.89399594668976,-15.2349491765164,0.198496070526436,0.040101728112314,-0.014852312057345,37.1085476110651,0.908160547416077,7.26713535113811
42.2,-1.09980622025495,9.91226405052326,-15.2597528181517,0.197328248280797,0.040010742252738,-0.013911930111969,32.6811335937042,4.66706436399701,8.81876378120598
42.3,-0.95095173090449,9.92823971448007,-15.2844890359873,0.19627049722777,0.039933771948047,-0.013022626903014,32.9748440851627,3.2272402083163,7.93327804490049
42.4,-0.802793583391199,9.94202645846656,-15.3093846257923,0.196247290696355,0.038700602768024,-0.009340213218745,33.2052999954576,2.28475370555027,7.50372333370783
42.5,-0.655270153791718,9.95366927487825,-15.3345540324478,0.197106972572868,0.037143258128848,-0.004264689535333,33.4040711254898,1.6030239723997,7.25481677640904
42.6,-0.508328554064122,9.96319042377314,-15.360053103283,0.198737596318037,0.035555670921444,0.001463687512028,33.5862556821249,1.06523965920479,7.07972167497753
42.7,-0.361921502628824,9.9706023581212,-15.385905522151,0.201048146453302,0.034039775155004,0.007435285637158,33.7597245774086,0.616031044394764,6.94239577160861
42.8,-0.216005763893715,9.97591223570732,-15.4121158910276,0.203959518031152,0.032633130130316,0.013406713805152,33.9287724911121,0.22933549446942,6.83044386191025
42.9,-0.070541341019253,9.97912367509567,-15.4386764094897,0.207400167585136,0.031350595599161,0.019220449503829,34.0957187291244,-0.106811674839506,6.73878141459956
43,0.074508944414972,9.98023761452589,-15.4655704475504,0.211303858462452,0.030197672436616,0.024765321522923,34.2617046983606,-0.397447951657141,6.66453086605639
43.1,0.219179638631714,9.97925285578601,-15.4927745977901,0.215608411531806,0.029175014350982,0.029957070775999,34.4271374343083,-0.644164584014865,6.60550922246018
43.2,0.363502679438914,9.97616647795369,-15.5202599905272,0.22025499336553,0.028280211802286,0.034728972468914,34.5919587743048,-0.846874102496018,6.55980441616705
43.3,0.507507300379748,9.97097418506896,-15.5479932694496,0.225187723688136,0.0275087028665,0.039027578906127,34.7558203721545,-1.00477262307892,6.5256689429651
43.4,0.651219848177127,9.96367061429636,-15.5759374330575,0.230353488183877,0.026854371516197,0.042811075164713,34.9182037789663,-1.11692459824818,6.50150016923863
43.5,0.79466354323999,9.95424961818017,-15.6040526478082,0.23570188890567,0.02631000554237,0.046048927815462,35.0785060287479,-1.18267295348413,6.48584027277031
43.6,0.937858212040217,9.94270452873369,-15.6322970840315,0.241185286136149,0.025867670213898,0.048722094619362,35.2361017929313,-1.20196518557267,6.47737732412084
43.7,1.08082001955329,9.92902840728475,-15.6606277924213,0.246758896269737,0.025519018592041,0.05082335711898,35.3903882390956,-0.965660884792676,6.47450934980435
43.8,1.22356905790967,9.91321262734113,-15.6889705994453,0.252380916138291,0.025254963697964,0.051913969192461,35.5401935832119,-0.735639708770871,6.47637086282201
43.9,1.36611694604849,9.89524957934469,-15.7172666718459,0.258009629275395,0.025066214060904,0.052225468145902,35.6853089947127,-0.500758102563387,6.4823218743275
44,1.50846836625289,9.87513259238132,-15.7454680109459,0.263608339926055,0.024944464699147,0.051918563336946,35.8255450705782,-0.25645797856423,6.49165251334994
44.1,1.65062216124565,9.8528559135782,-15.7735349252272,0.269144824726652,0.024882052554927,0.051112643814059,35.9607381111363,-0.002663444243708,6.50371298757337
44.2,1.79257214278784,9.82841471580254,-15.8014346294224,0.274590859070736,0.024871869434868,0.049902957906264,41.3634448486605,-4.6774922286551,4.39742622163137
44.3,1.9353525397105,9.80150116970815,-15.8293575473757,0.279921820647573,0.024907346144174,0.04837000316317,41.2719881038857,-2.28704490868491,5.84330782278765
44.4,2.07881815933381,9.77200392567865,-15.8570353257705,0.284008247591018,0.026586274710288,0.043720099156571,41.1717543890538,-0.361098633306453,6.35279667923938
44.5,2.22284123319451,9.73989937597738,-15.8842949009614,0.286961151808177,0.02858098700472,0.037223086702139,41.0591935106396,0.722981623191732,6.64942221805676
44.6,2.36727459341661,9.70519761155863,-15.911131474126,0.288878844232747,0.030580301838491,0.03027461068807,40.9339990327267,1.42605889446327,6.87687621376186
44.7,2.51198326843358,9.66791754724864,-15.9375188278449,0.289862202876116,0.03249501224791,0.023434909953758,40.7945927444893,2.00367639628276,7.06934093111855
44.8,2.65683782948661,9.62808473071942,-15.9634474560591,0.290006626025502,0.034292417909846,0.016841009655612,40.6400238800231,2.5074570986685,7.23557240449445
44.9,2.80171477169621,9.58572967924025,-15.9889179632973,0.289402669558828,0.035956082506125,0.010546024416663,40.4701904926407,2.95632298950626,7.37809643336512
45,2.94649635948257,9.54088706453098,-16.0139384300989,0.288136417220166,0.037475633005638,0.00457520783156,40.2860098357798,3.35717556130307,7.49796620433975
45.1,3.09107041901369,9.49359508604553,-16.038523235795,0.286289918007815,0.038844108348754,-0.001054126680027,40.0894553436252,3.71234508646655,7.5960116459929
45.2,3.23533023239108,9.44389483870428,-16.0626923988148,0.283941449605792,0.040057285950347,-0.006325949080559,39.883462321497,4.02236788520615,7.67318216960307
45.3,3.37917455555954,9.39182962617643,-16.0864710694539,0.281165550900316,0.0411135128996,-0.011223834351025,39.6717032526076,4.28709175038845,7.73064249920852
45.4,3.52250772375684,9.33744422487248,-16.1098890271863,0.27803284462344,0.042013636798053,-0.015731189613075,39.4582578993568,4.5061760715062,7.76979287588967
45.5,3.66523978318885,9.28078412887801,-16.1329801212665,0.274609710991513,0.042760919274736,-0.019832206897366,39.2472316550009,4.67937145404383,7.79225823728191
45.6,3.80728658328981,9.22189481766434,-16.1557816319006,0.27095789409429,0.043360896579495,-0.023513058791908,39.0423913612829,4.80671711647969,7.79985816005691
45.7,3.94856977574568,9.16082108981397,-16.1783335498635,0.267134127369994,0.043821177455962,-0.02676311208771,38.8468821941279,4.88870194656469,7.79456182991589
45.8,4.08901668929053,9.09760649871497,-16.2006777859132,0.263189853034155,0.044151179534564,-0.029576029953691,38.6630642730043,4.92639857934984,7.77843169856196
45.9,4.22856007611625,9.03229291291782,-16.2228573312314,0.259171086042612,0.04436181259585,-0.031950670703021,38.4924743916768,4.92156469296393,7.75356044857785
46,4.3671377493745,8.9649202084285,-16.2449153972093,0.255118442678342,0.044465122573509,-0.033891711939022,38.335889888501,4.58296173218912,7.72143567707878
46.1,4.50469011362377,8.89552736936042,-16.2669285510504,0.251067324908,0.044473219494942,-0.034966615017636,38.1916756099753,4.33003906283317,7.68561892523988
46.2,4.64116221734329,8.82415078436942,-16.2889508782595,0.247045278353939,0.044400977087664,-0.035467193983056,38.0607795533353,4.10767043741077,7.6472556561077
46.3,4.77650318518876,8.75082440770549,-16.3110241608092,0.243077791435055,0.044261965430749,-0.035545587454563,37.9432034162337,3.89155794928844,7.60768939216123
46.4,4.91066577550133,8.6755798641238,-16.3331825127153,0.239187366163762,0.044068947308381,-0.03528966852925,37.8383701678452,3.67301330274697,7.56820584690346
46.5,5.04360598397283,8.5984465754568,-16.3554544182792,0.235393244696169,0.043833920437025,-0.034758568410161,37.745386600021,3.45063073192962,7.52992667176943
46.6,5.17528268577464,8.51945191934229,-16.3778636322829,0.231711486158967,0.043568013673221,-0.033998518227396,37.6632119685719,3.22613317641352,7.49377096120964
46.7,5.30565731792988,8.43862141438691,-16.4004296209985,0.228155199111333,0.04328136146894,-0.033049525251683,37.5907623723117,3.00238007361101,7.46044749483968
46.8,5.43469360187533,8.3559789233554,-16.4231678440249,0.224734827516661,0.042983002293026,-0.031947960814484,37.5269739526991,2.78243585184749,7.43046189751212
46.9,5.56235730375511,8.2715468665521,-16.4460900004791,0.221458441764976,0.042680814836908,-0.030727417880724,37.4708399741942,2.56915010614281,7.40413169716957
47,5.68861602865801,8.18534643870499,-16.4692042835888,0.218332013982181,0.042381493119708,-0.029418900716019,37.4214311989434,2.36498425343022,7.38160578449397
47.1,5.81343904457271,8.09739782375209,-16.4925156535811,0.215359670279501,0.042090556683101,-0.028050807126616,37.3779054531581,2.1719573330229,7.36288624120056
47.2,5.9367971319063,8.00772040288739,-16.5160261253857,0.212543918713387,0.041812390350776,-0.026648889396999,37.3395101637024,1.99164929904815,7.34785118199556
47.3,6.05866245471054,7.91633295208443,-16.5397350635571,0.209885854265585,0.041550307678858,-0.025236258092115,37.3055803613465,1.82523140120426,7.33627762968386
47.4,6.17900845013016,7.82325382611712,-16.5636394766324,0.207385343010941,0.041306632470171,-0.023833441044008,37.2755338502019,1.67350829005697,7.32786369140778
47.5,6.29780973295577,7.72850112685641,-16.5877343044351,0.205041187752482,0.041082793225038,-0.022458489810039,37.248864725872,1.53696389176599,7.32224949214407
47.6,6.41504201250698,7.63209285433723,-16.612012693515,0.202851277222728,0.040879425993679,-0.02112711993706,37.2251360725753,1.41580687202458,7.31903647386951
47.7,6.53068201938947,7.53404703975312,-16.6364662575142,0.200812720680617,0.040696481701968,-0.019852871325649,37.203972418356,1.31001351185805,7.31780479503336
47.8,6.64471452805308,7.43437433156387,-16.6610224218424,0.198921969464507,0.040533334605398,-0.018647277139534,37.1856175946017,1.24540876315924,7.31812866962704
47.9,6.75711763259698,7.33309321599154,-16.6856734799849,0.197176139656371,0.040388787757284,-0.017559934891467,37.1692149373873,1.16402915845573,7.31948823491866
48,6.86786985177756,7.23022299526605,-16.7104146678105,0.195570577908468,0.040261243816406,-0.016544296531292,37.1544796561351,1.08104409842786,7.32163032099056
48.1,6.97695032120048,7.12578358730977,-16.7352419679646,0.194100174748665,0.04014908149612,-0.01558415910411,37.1412029987401,1.0028097567127,7.32420817456877
48.2,7.08433886665071,7.01979544601339,-16.760151240646,0.192759529105523,0.04005053696455,-0.014675773055916,32.7033737156667,4.7455481550982,8.8615090679813
48.3,7.18943961974797,6.91299404432007,-16.7849808409266,0.191543043629583,0.039963737807709,-0.013820279303784,32.9831224342465,3.31166221659236,7.97353161950251
48.4,7.29238037636594,6.80538517634027,-16.8099566946194,0.1913759808614,0.038726779692866,-0.01018598771185,33.1948410719795,2.37413642712199,7.54349834143147
48.5,7.39323357252513,6.69695045127703,-16.8351924631548,0.19210770314961,0.037169471834972,-0.005166423057675,33.3728265760869,1.697184041923,7.29347908649634
48.6,7.49204836260489,6.58766467543345,-16.8607433735368,0.193628454774411,0.035582827317256,0.000502683445043,33.5335607849269,1.16394834231941,7.1164704120279
48.7,7.588862868784,6.4775011270914,-16.8866326952587,0.195849784588056,0.034067057054755,0.006415333974326,33.6858014384367,0.718933581085007,6.9767000588676
48.8,7.68370876454965,6.36643294456709,-16.912864842627,0.198695172191402,0.03265892214175,0.012331125370148,33.8344873135546,0.335963432244301,6.86195966207295
48.9,7.77661320288514,6.25443345624517,-16.9394320658982,0.202095481014622,0.03137294574303,0.018094996134625,33.9824324238882,0.002966227586114,6.76725375048208
49,7.86759978430234,6.14147629367102,-16.966318031389,0.205986575309328,0.030214491878269,0.023597797448286,34.1311644101918,-0.285205162562344,6.68974348758031
49.1,7.95668911753041,6.02753551568832,-16.9934998769166,0.210307983273759,0.029184162511788,0.028756917407233,34.2813880716965,-0.53025770250529,6.62726466438715
49.2,8.04389916373935,5.91258579547214,-17.0209495251778,0.215002126107167,0.028279537447227,0.0335069430938,34.4332650702273,-0.732224620711301,6.57791816787282
49.3,8.12924544283981,5.79660267339167,-17.0486346509872,0.220013888309215,0.027496070289131,0.037795423084885,34.586595100093,-0.890423343570097,6.5399695136194
49.4,8.21274114487065,5.67956286480464,-17.0765195064002,0.225290411436733,0.026827682958317,0.041581226774726,34.7409403877158,-1.00403285926316,6.51183154114677
49.5,8.29439717723888,5.56144460716107,-17.1045657087265,0.23078104100051,0.026267223825958,0.044834185096732,34.8957154536007,-1.07249337478918,6.49206529016989
49.6,8.37422217325225,5.44222802830957,-17.1327330422526,0.236437378486851,0.025806842746405,0.04753528553274,35.050254064203,-1.09581911378982,6.47938136125448
49.7,8.45222248391485,5.32189551617654,-17.1609802920274,0.242213401550347,0.025438302739815,0.049676989352924,35.203859963598,-0.865285028782046,6.47221186132688
49.8,8.52840570121631,5.20042498586419,-17.1892351292174,0.2480656214218,0.025152667568223,0.050819840415985,35.3553890046919,-0.64255216027723,6.46970070661135
49.9,8.60277511331638,5.07780113231654,-17.217440568009,0.253950319670756,0.024940801592308,0.051193966640806,35.5043580894978,-0.416098502327202,6.47124813471813
